class,methods,constructors,public methods,private methods,static methods,abstract methods,native methods,synchronized methods,final methods,members,public members,private members,protected members,synchronized members,final members,directly referred classes,implicitly referred classes,# references,referred classes [list]
class java.lang.String,72,16,66,3,16,0,1,0,6,7,1,6,0,0,6,12,552
class java.lang.Object,12,1,9,1,1,0,7,0,0,0,0,0,0,0,0,6,552
class java.util.HashSet,10,5,8,2,0,0,0,0,2,3,0,2,0,0,2,10,552
class uk.co.slashingedge.utils.Log,11,5,11,0,4,0,0,0,1,5,3,2,0,0,1,5,554
class sun.reflect.Reflection,14,1,8,5,14,0,2,0,0,0,0,0,0,0,0,6,552
class javax.net.ssl.SSLSocket,21,5,21,0,0,18,0,0,0,0,0,0,0,0,0,4,565

class java.security.DigestException,0,4,0,0,0,0,0,0,1,1,0,1,0,0,1,0,0,58
class java.util.regex.Pattern,81,1,10,66,18,0,0,0,16,34,9,9,0,0,16,70,552,108
class java.nio.DoubleBuffer,29,2,27,2,5,10,0,0,2,3,0,0,0,0,2,5,552,62
class java.util.Locale$Builder,13,1,13,0,0,0,0,0,1,1,0,1,0,0,1,4,552,52
interface java.util.concurrent.Callable,1,0,1,0,0,1,0,0,0,0,0,0,0,0,0,2,552,64
class sun.reflect.generics.tree.TypeVariableSignature,3,1,3,0,1,0,0,0,0,1,0,1,0,0,0,4,552,54
interface java.util.Comparator,2,0,2,0,0,2,0,0,0,0,0,0,0,0,0,1,552,68
class java.util.regex.Pattern$Behind,1,1,0,0,0,0,0,0,0,3,0,0,0,0,0,4,552,55
class sun.util.locale.InternalLocaleBuilder$CaseInsensitiveChar,3,3,3,0,0,0,0,0,2,2,0,2,0,0,2,2,552,58
class java.net.SocketAddress,0,1,0,0,0,0,0,0,0,0,0,0,0,0,0,1,1,49
class java.net.SocketPermission,24,2,5,15,4,0,0,0,10,27,0,27,0,0,10,13,552,55
class java.util.regex.Pattern$BehindS,1,1,0,0,0,0,0,0,0,0,0,0,0,0,0,3,552,59
class java.security.InvalidKeyException,0,4,0,0,0,0,0,0,1,1,0,1,0,0,1,0,0,58
class java.util.ArrayList$SubList,15,1,10,4,0,0,0,0,4,5,0,3,0,0,4,9,552,64
class sun.util.locale.ParseStatus,5,1,5,0,0,0,0,0,0,3,0,0,0,0,0,1,552,63
class java.util.Random,15,2,9,5,2,0,0,0,9,11,0,10,0,0,9,7,552,65
class java.io.ObjectStreamClass$Caches,2,1,0,0,2,0,0,0,4,4,0,2,0,0,4,3,552,50
class java.util.HashMap$EntryIterator,2,2,2,0,0,0,0,0,1,1,0,0,0,0,1,3,552,48
class java.nio.channels.FileLock,10,2,10,0,0,2,0,0,4,4,0,4,0,0,4,5,552,78
class java.util.regex.Pattern$Bound,3,1,0,0,0,0,0,0,0,6,0,0,0,0,0,3,552,67
class java.io.ObjectInputStream$ValidationList,4,1,1,0,1,0,0,0,0,1,0,1,0,0,0,5,552,67
class java.nio.channels.AsynchronousFileChannel,15,1,15,0,2,10,0,0,1,1,0,1,0,0,1,11,552,82
class java.io.ObjectInputStream$HandleTable,10,1,0,1,0,0,0,0,3,8,0,3,0,0,3,4,552,69
class java.util.Formatter$Conversion,6,1,0,0,6,0,0,0,23,23,0,0,0,0,23,1,552,76
class java.nio.charset.Charset,35,1,21,9,18,3,0,0,2,12,0,12,0,0,2,15,552,89
class java.security.AccessControlException,1,2,1,0,0,0,0,0,1,2,0,2,0,0,1,1,552,90
class java.util.jar.JarFile,24,5,5,9,2,0,1,0,1,13,1,12,0,0,1,14,552,88
interface javax.net.ssl.SSLSession,21,0,21,0,0,21,0,0,0,0,0,0,0,0,0,5,555,5
class sun.misc.Resource,11,1,10,1,0,5,0,0,0,1,0,1,0,0,0,6,552,90
class java.util.Hashtable$ValueCollection,4,2,4,0,0,0,0,0,1,1,0,0,0,0,1,3,552,91
class java.security.SecureRandomSpi,3,1,0,0,0,3,0,0,1,1,0,1,0,0,1,1,1,94
class java.io.ObjectOutputStream$DebugTraceInfoStack,4,1,1,0,0,0,0,0,1,1,0,1,0,0,1,3,552,80
class java.security.cert.CertificateException,0,4,0,0,0,0,0,0,1,1,0,1,0,0,1,0,0,81
class java.util.Formatter$FixedString,3,1,3,0,0,0,0,0,1,2,0,1,0,0,1,6,552,88
interface java.nio.channels.ByteChannel,0,0,0,0,0,0,0,0,0,0,0,0,0,0,0,2,552,103
class java.lang.ref.Reference,7,2,4,0,3,0,0,0,0,6,0,4,0,0,0,6,552,92
class java.util.regex.Pattern$BackRef,2,1,0,0,0,0,0,0,0,1,0,0,0,0,0,4,552,93
class java.lang.ThreadLocal,11,1,3,2,3,0,0,0,2,3,0,3,0,0,2,6,552,111
class java.lang.Character$UnicodeScript,4,1,4,0,4,0,0,0,99,100,96,4,0,0,99,4,552,110
class java.util.regex.Pattern$Pos,1,1,0,0,0,0,0,0,0,1,0,0,0,0,0,4,552,102
class java.util.regex.Pattern$Branch,3,1,0,0,0,0,0,0,0,3,0,0,0,0,0,5,552,103
interface java.security.Key,3,0,3,0,0,3,0,0,1,1,1,0,0,0,1,2,552,98
class java.util.regex.Pattern$Category,1,1,0,0,0,0,0,0,1,1,0,0,0,0,1,1,552,105
class java.util.Locale$LocaleNameGetter,3,1,2,0,1,0,0,0,2,2,0,1,0,0,2,6,552,107
class java.util.AbstractList$1,0,0,0,0,0,0,0,0,0,0,0,0,0,0,0,1,552,107
class java.util.HashMap$KeyIterator,1,2,1,0,0,0,0,0,1,1,0,0,0,0,1,2,552,85
class java.lang.Throwable$WrappedPrintWriter,2,1,0,0,0,0,0,0,1,1,0,1,0,0,1,3,552,80
class java.util.regex.Pattern$CharPropertyNames$CloneableProperty,2,2,2,0,0,0,0,0,0,0,0,0,0,0,0,5,552,112
interface java.security.Principal,4,0,4,0,0,4,0,0,0,0,0,0,0,0,0,2,552,122
interface sun.reflect.generics.tree.BaseType,0,0,0,0,0,0,0,0,0,0,0,0,0,0,0,1,552,123
class java.util.zip.ZipEntry,21,3,19,2,2,0,0,0,2,11,2,0,0,0,2,4,552,117
class java.util.regex.Pattern$First,2,1,0,0,0,0,0,0,0,1,0,0,0,0,0,5,552,119
class java.util.Hashtable$Enumerator,5,1,5,0,0,0,0,0,1,8,0,0,1,0,1,5,552,121
class java.util.regex.Pattern$LastMatch,1,1,0,0,0,0,0,0,0,0,0,0,0,0,0,3,552,121
class java.util.Hashtable$Entry,7,1,6,0,0,0,0,0,0,4,0,0,0,0,0,5,552,123
class java.nio.charset.CharsetDecoder,23,2,16,1,0,1,0,0,8,13,0,12,0,0,8,8,552,129
class sun.net.www.MessageHeader$HeaderIterator,4,1,4,0,0,0,0,0,1,6,0,0,0,0,1,4,552,126
interface java.lang.reflect.Type,0,0,0,0,0,0,0,0,0,0,0,0,0,0,0,0,0,126
class java.io.DataInputStream,18,1,18,0,1,0,0,0,0,4,0,4,0,0,0,3,552,117
interface java.net.InetAddressImpl,6,0,6,0,0,6,0,0,0,0,0,0,0,0,0,5,552,129
class java.util.regex.UnicodeProp,5,2,5,0,4,1,0,0,21,21,18,3,0,0,21,3,552,131
class java.lang.Object,12,1,9,1,1,0,7,0,0,0,0,0,0,0,0,6,552,305
class java.net.URI$Parser,26,1,0,25,0,0,0,0,1,4,0,3,0,0,1,3,552,134
class java.util.Stack,5,1,5,0,0,0,0,0,1,1,0,1,0,0,1,1,552,130
interface sun.reflect.generics.tree.TypeSignature,0,0,0,0,0,0,0,0,0,0,0,0,0,0,0,1,552,131
interface java.nio.file.attribute.FileAttributeView,0,0,0,0,0,0,0,0,0,0,0,0,0,0,0,1,552,139
class java.security.spec.InvalidParameterSpecException,0,2,0,0,0,0,0,0,1,1,0,1,0,0,1,0,0,5
class java.io.OutputStream,5,1,5,0,0,1,0,0,0,0,0,0,0,0,0,3,5,153
class java.util.LinkedHashMap$EntryIterator,2,2,2,0,0,0,0,0,1,1,0,0,0,0,1,3,552,138
class java.util.regex.Pattern$CharPropertyNames,5,1,0,4,5,0,0,0,1,1,0,1,0,0,1,6,552,137
class java.util.regex.Pattern$TreeInfo,1,1,0,0,0,0,0,0,0,4,0,0,0,0,0,1,552,153
class java.io.ObjectOutputStream$PutFieldImpl,12,1,10,1,0,0,0,0,4,4,0,3,0,0,4,7,552,129
class java.lang.AbstractStringBuilder,56,2,53,1,0,1,0,0,0,2,0,0,0,0,0,7,552,149
class java.lang.ref.Reference$1,0,0,0,0,0,0,0,0,0,0,0,0,0,0,0,1,552,130
class java.util.Hashtable$KeySet,5,2,5,0,0,0,0,0,1,1,0,0,0,0,1,3,552,141
interface java.nio.file.WatchService,4,0,4,0,0,4,0,0,0,0,0,0,0,0,0,5,552,148
interface sun.util.LocaleServiceProviderPool$LocalizedObjectGetter,1,0,1,0,0,1,0,0,0,0,0,0,0,0,0,4,552,156
class sun.reflect.ConstantPool,28,1,14,14,0,0,14,0,0,1,0,1,0,0,0,5,552,129
class java.util.Hashtable,31,4,19,5,6,0,0,0,5,13,0,13,0,0,5,21,552,154
class java.util.Formatter$DateTime,1,1,0,0,1,0,0,0,31,31,0,0,0,0,31,1,552,151
class java.text.MessageFormat$Field,1,1,0,0,0,0,0,0,2,2,1,1,0,0,2,4,552,152
class java.lang.NoSuchMethodException,0,2,0,0,0,0,0,0,1,1,0,1,0,0,1,0,0,135
class java.util.regex.Pattern$UnixDollar,2,1,0,0,0,0,0,0,0,1,0,0,0,0,0,4,552,155
class java.lang.ThreadLocal$ThreadLocalMap$Entry,0,1,0,0,0,0,0,0,0,1,0,0,0,0,0,2,552,161
class java.util.regex.Pattern$BnM,3,1,0,0,1,0,0,0,0,3,0,0,0,0,0,5,552,158
class java.lang.AssertionStatusDirectives,0,1,0,0,0,0,0,0,0,5,0,0,0,0,0,0,0,154
class java.security.AlgorithmParameters,12,1,12,0,3,0,0,0,0,4,0,4,0,0,0,10,556,4
class sun.security.util.ManifestEntryVerifier$SunProviderHolder,1,1,0,0,1,0,0,0,1,1,0,1,0,0,1,2,552,161
interface java.nio.channels.ReadableByteChannel,1,0,1,0,0,1,0,0,0,0,0,0,0,0,0,3,552,169
class sun.reflect.annotation.AnnotationType,8,1,8,0,2,0,0,0,3,5,0,5,0,0,3,5,552,145
class java.io.IOException,0,4,0,0,0,0,0,0,1,1,0,0,0,0,1,0,0,237
class java.math.MathContext,6,3,5,1,0,0,0,0,10,10,4,4,0,0,10,8,552,167
class java.util.LinkedHashMap$Entry,5,1,0,2,1,0,0,0,0,2,0,0,0,0,0,3,552,167
class java.util.ArrayList$1,0,0,0,0,0,0,0,0,0,0,0,0,0,0,0,1,552,164
interface java.lang.Thread$UncaughtExceptionHandler,1,0,1,0,0,1,0,0,0,0,0,0,0,0,0,2,552,172
interface java.nio.file.DirectoryStream,1,0,1,0,0,1,0,0,0,0,0,0,0,0,0,4,552,173
class java.util.Formatter$FormatSpecifier$BigDecimalLayout,7,1,5,2,0,0,0,0,1,5,0,4,0,0,1,4,552,171
interface java.nio.channels.GatheringByteChannel,2,0,2,0,0,2,0,0,0,0,0,0,0,0,0,2,552,175
class java.io.DataOutputStream,17,1,15,1,1,0,0,0,0,3,0,2,1,0,0,3,552,172
class java.security.Provider,39,1,18,17,4,0,0,0,6,19,0,18,0,0,6,16,552,185
class java.io.ObjectOutputStream$ReplaceTable,5,1,0,1,0,0,0,0,1,2,0,2,0,0,1,3,552,163
class java.io.FileDescriptor,7,2,2,1,3,0,2,0,3,5,3,2,0,0,3,3,552,180
class javax.net.ssl.HandshakeCompletedEvent,8,1,8,0,0,0,0,0,1,2,0,2,0,0,1,5,565,3
class java.nio.file.FileSystem,12,1,12,0,0,12,0,0,0,0,0,0,0,0,0,10,552,181
class java.io.PrintStream,42,10,34,6,2,0,0,0,1,6,0,6,0,0,1,13,552,186
class java.lang.annotation.RetentionPolicy,2,1,2,0,2,0,0,0,4,4,3,1,0,0,4,2,552,167
class java.util.jar.JarVerifier$VerifierStream,4,1,4,0,0,0,0,0,0,4,0,4,0,0,0,4,552,183
class java.util.regex.Pattern$StartS,1,1,0,0,0,0,0,0,0,0,0,0,0,0,0,3,552,183
class java.io.ObjectInputStream$Caches,0,1,0,0,0,0,0,0,2,2,0,0,0,0,2,3,552,175
class java.util.jar.JarFile$JarFileEntry,3,1,3,0,0,0,0,0,1,1,0,0,0,0,1,3,552,186
class java.lang.NumberFormatException,1,2,0,0,1,0,0,0,1,1,0,0,0,0,1,2,552,187
interface java.lang.Iterable,1,0,1,0,0,1,0,0,0,0,0,0,0,0,0,1,552,192
class java.security.NoSuchAlgorithmException,0,4,0,0,0,0,0,0,1,1,0,1,0,0,1,0,0,201
class java.security.cert.CertPath$CertPathRep,1,1,0,0,0,0,0,0,1,3,0,3,0,0,1,5,552,185
interface java.lang.reflect.Member,4,0,4,0,0,4,0,0,2,2,2,0,0,0,2,2,552,190
interface sun.reflect.generics.tree.Signature,1,0,1,0,0,1,0,0,0,0,0,0,0,0,0,1,1,191
class java.io.ObjectStreamException,0,2,0,0,0,0,0,0,1,1,0,1,0,0,1,0,0,199
class sun.reflect.generics.tree.SimpleClassTypeSignature,5,1,5,0,1,0,0,0,0,3,0,3,0,0,0,4,552,191
class java.util.concurrent.ExecutionException,0,4,0,0,0,0,0,0,1,1,0,1,0,0,1,0,0,196
class java.net.URI,103,6,30,38,66,0,0,0,47,64,0,62,0,0,47,14,552,197
class sun.reflect.generics.repository.ConstructorRepository,5,1,3,0,1,0,0,0,0,2,0,2,0,0,0,5,552,192
class java.util.concurrent.ConcurrentHashMap$KeyIterator,2,1,2,0,0,0,0,0,1,1,0,0,0,0,1,4,552,196
class java.net.URL,29,6,22,4,2,0,0,0,2,17,0,12,0,0,2,18,552,207
class java.util.jar.JarVerifier,26,1,14,8,3,0,0,0,1,23,0,20,0,0,1,18,552,199
class java.io.ObjectStreamClass$EntryFuture,3,2,0,0,0,0,0,0,2,3,0,3,0,0,2,3,552,189
class java.lang.ClassLoader,66,3,13,26,20,0,9,0,9,20,0,18,0,0,9,27,552,206
class java.util.TimeZone$DisplayNames,1,1,0,0,1,0,0,0,1,1,0,1,0,0,1,2,552,207
class java.net.Proxy$Type,2,1,2,0,2,0,0,0,4,4,3,1,0,0,4,3,552,190
interface java.io.Externalizable,2,0,2,0,0,2,0,0,0,0,0,0,0,0,0,5,552,197
interface java.util.Collection,15,0,15,0,0,15,0,0,0,0,0,0,0,0,0,4,552,229
class java.io.ObjectStreamField,13,4,9,1,1,0,0,0,5,6,0,6,0,0,5,5,552,195
interface java.lang.reflect.ParameterizedType,3,0,3,0,0,3,0,0,0,0,0,0,0,0,0,1,1,193
class java.security.MessageDigest$Delegate,8,1,1,0,0,0,0,0,0,1,0,1,0,0,0,6,552,210
class java.lang.IllegalArgumentException,0,4,0,0,0,0,0,0,1,1,0,1,0,0,1,0,0,212
class java.util.regex.Pattern$Single,1,1,0,0,0,0,0,0,1,1,0,0,0,0,1,1,552,205
class sun.misc.URLClassPath$JarLoader,23,1,1,5,9,0,0,0,0,7,0,7,0,0,0,14,552,205
interface java.lang.annotation.Annotation,4,0,4,0,0,4,0,0,0,0,0,0,0,0,0,3,552,210
class java.lang.reflect.InvocationTargetException,2,3,2,0,0,0,0,0,1,2,0,2,0,0,1,1,552,208
class java.util.regex.Pattern$Dollar,2,1,0,0,0,0,0,0,0,1,0,0,0,0,0,4,552,207
class java.nio.ByteBuffer,63,2,59,2,6,41,0,0,2,5,0,0,0,0,2,11,552,225
class sun.reflect.generics.tree.DoubleSignature,2,1,2,0,1,0,0,0,0,1,0,1,0,0,0,3,552,208
class sun.security.util.ManifestDigester$Entry,3,1,2,1,0,0,0,0,0,5,0,0,0,0,0,2,552,211
class java.util.regex.Pattern$Node,2,1,0,0,0,0,0,0,0,1,0,0,0,0,0,5,552,219
class java.lang.Package,30,3,18,5,13,0,2,0,9,13,0,13,0,0,9,10,552,212
class java.util.regex.Pattern$Loop,3,1,0,0,0,0,0,0,0,5,0,0,0,0,0,5,552,214
interface sun.reflect.FieldAccessor,18,0,18,0,0,18,0,0,0,0,0,0,0,0,0,3,552,214
class java.util.jar.JarVerifier$VerifierCodeSource,5,2,1,2,1,0,0,0,0,4,0,0,0,0,0,4,552,216
class java.io.ObjectOutputStream$PutField,10,1,10,0,0,10,0,0,0,0,0,0,0,0,0,5,552,212
class java.lang.ref.ReferenceQueue$Lock,0,2,0,0,0,0,0,0,0,0,0,0,0,0,0,1,552,215
class java.lang.Long$LongCache,0,1,0,0,0,0,0,0,1,1,0,0,0,0,1,1,552,215
class java.util.Locale$Category,2,1,2,0,2,0,0,0,7,7,2,1,0,0,7,3,552,224
interface java.io.FileFilter,1,0,1,0,0,1,0,0,0,0,0,0,0,0,0,1,552,225
class java.nio.IntBuffer,29,2,27,2,5,10,0,0,2,3,0,0,0,0,2,5,552,228
class sun.util.calendar.BaseCalendar$Date,8,2,3,0,0,2,0,0,0,3,0,0,0,0,0,2,552,232
class java.lang.reflect.Field,42,1,31,9,1,0,0,0,0,12,0,12,0,0,0,13,552,229
class java.io.ObjectInputStream$GetFieldImpl,13,1,11,1,0,0,0,0,5,5,0,4,0,0,5,6,552,224
class java.security.SignatureException,0,4,0,0,0,0,0,0,1,1,0,1,0,0,1,0,0,229
class sun.reflect.generics.tree.VoidDescriptor,2,1,2,0,1,0,0,0,0,1,0,1,0,0,0,3,552,230
class java.util.regex.Pattern$NotBehindS,1,1,0,0,0,0,0,0,0,0,0,0,0,0,0,3,552,231
class java.util.Calendar$CalendarAccessControlContext,1,1,0,0,1,0,0,0,1,1,0,1,0,0,1,2,552,236
class java.util.regex.Pattern$BitClass,2,2,0,0,0,0,0,0,2,2,0,0,0,0,2,2,552,233
interface java.security.spec.AlgorithmParameterSpec,0,0,0,0,0,0,0,0,0,0,0,0,0,0,0,0,0,6
class java.lang.String,72,16,66,3,16,0,1,0,6,7,1,6,0,0,6,12,552,344
class javax.net.ssl.SSLPeerUnverifiedException,0,1,0,0,0,0,0,0,1,1,0,1,0,0,1,0,0,5
class java.lang.Character$CharacterCache,0,1,0,0,0,0,0,0,1,1,0,0,0,0,1,1,552,239
class java.util.spi.LocaleNameProvider,4,1,4,0,0,3,0,0,0,0,0,0,0,0,0,2,552,237
class sun.reflect.generics.tree.ShortSignature,2,1,2,0,1,0,0,0,0,1,0,1,0,0,0,3,552,235
class java.lang.StringBuilder,86,4,83,3,0,0,0,0,1,1,0,0,0,0,1,12,552,248
interface java.security.Guard,1,0,1,0,0,1,0,0,0,0,0,0,0,0,0,2,552,234
class java.text.DateFormatSymbols,33,2,22,8,7,0,0,0,26,36,0,1,0,0,26,10,552,244
class java.security.cert.CertPath,9,1,8,0,0,4,0,0,1,2,0,2,0,0,1,8,552,238
class java.security.PermissionCollection,6,1,6,0,0,3,0,0,1,2,0,2,0,0,1,4,552,238
class java.math.BigDecimal$StringBuilderHelper,3,1,0,0,0,0,0,0,5,5,0,0,0,0,5,2,552,244
class java.util.regex.Pattern$Caret,1,1,0,0,0,0,0,0,0,0,0,0,0,0,0,3,552,242
class java.nio.LongBuffer,29,2,27,2,5,10,0,0,2,3,0,0,0,0,2,5,552,246
interface java.io.Flushable,1,0,1,0,0,1,0,0,0,0,0,0,0,0,0,1,1,253
interface java.security.DomainCombiner,1,0,1,0,0,1,0,0,0,0,0,0,0,0,0,0,0,248
interface java.io.ObjectOutput,6,0,6,0,0,6,0,0,0,0,0,0,0,0,0,4,552,242
class sun.misc.MetaIndex,4,1,3,1,3,0,0,0,1,4,0,3,0,0,1,4,552,246
class java.util.regex.Pattern$GroupHead,2,1,0,0,0,0,0,0,0,1,0,0,0,0,0,3,552,248
interface java.net.FileNameMap,1,0,1,0,0,1,0,0,0,0,0,0,0,0,0,1,552,250
class sun.util.locale.LocaleSyntaxException,1,2,1,0,0,0,0,0,1,2,0,2,0,0,1,0,0,249
class java.util.regex.Pattern$SliceIS,2,1,0,0,0,0,0,0,0,0,0,0,0,0,0,3,552,249
class java.util.regex.Pattern$Dot,1,1,0,0,0,0,0,0,0,0,0,0,0,0,0,1,552,250
class sun.misc.URLClassPath,18,2,11,3,5,0,0,0,3,9,0,4,0,0,3,14,552,251
class java.nio.CharBuffer,45,2,42,2,7,12,0,0,2,3,0,0,0,0,2,9,552,259
interface java.lang.Readable,1,0,1,0,0,1,0,0,0,0,0,0,0,0,0,2,552,258
class java.util.regex.Pattern$Ctype,1,1,0,0,0,0,0,0,1,1,0,0,0,0,1,1,552,253
class java.nio.charset.spi.CharsetProvider,2,1,2,0,0,2,0,0,0,0,0,0,0,0,0,3,552,259
interface java.text.Format$FieldDelegate,2,0,2,0,0,2,0,0,0,0,0,0,0,0,0,4,552,259
class java.util.Formatter$FormatSpecifier,55,1,3,49,0,0,0,0,2,8,0,6,0,0,2,13,552,257
class java.util.Hashtable$1,0,0,0,0,0,0,0,0,0,0,0,0,0,0,0,1,552,260
class java.util.HashMap,36,4,13,8,2,0,0,0,5,10,0,2,0,0,5,20,552,277
interface java.nio.channels.WritableByteChannel,1,0,1,0,0,1,0,0,0,0,0,0,0,0,0,3,552,265
interface sun.reflect.LangReflectAccess,14,0,14,0,0,14,0,0,0,0,0,0,0,0,0,7,552,257
class java.util.regex.Pattern$Conditional,2,1,0,0,0,0,0,0,0,3,0,0,0,0,0,5,552,260
class java.lang.ClassLoader$NativeLibrary,6,1,0,0,2,0,3,0,0,4,0,2,0,0,0,4,552,260
class java.io.ObjectInputStream$BlockDataInputStream,41,1,21,5,0,0,0,0,10,14,0,13,0,0,10,7,552,257
class java.util.Formatter$Flags,10,1,7,2,4,0,0,0,10,11,0,1,0,0,10,3,552,264
interface java.util.concurrent.ExecutorService,12,0,12,0,0,12,0,0,0,0,0,0,0,0,0,11,552,263
class java.util.LinkedHashMap,13,5,3,0,2,0,0,0,2,3,0,3,0,0,2,11,552,270
interface java.util.concurrent.Executor,1,0,1,0,0,1,0,0,0,0,0,0,0,0,0,1,1,264
class java.util.LinkedHashMap$KeyIterator,1,2,1,0,0,0,0,0,1,1,0,0,0,0,1,2,552,267
class java.io.UnsupportedEncodingException,0,2,0,0,0,0,0,0,1,1,0,1,0,0,1,0,0,273
class java.io.StreamCorruptedException,0,2,0,0,0,0,0,0,1,1,0,1,0,0,1,0,0,269
interface sun.reflect.generics.tree.ReturnType,0,0,0,0,0,0,0,0,0,0,0,0,0,0,0,1,552,268
class java.util.regex.Pattern$SliceU,1,1,0,0,0,0,0,0,0,0,0,0,0,0,0,3,552,267
class java.lang.String$1,0,0,0,0,0,0,0,0,0,0,0,0,0,0,0,1,552,253
class java.security.MessageDigestSpi,8,1,1,0,0,4,0,0,0,1,0,1,0,0,0,4,552,272
class sun.util.LocaleServiceProviderPool$AllAvailableLocales,0,1,0,0,0,0,0,0,1,1,0,0,0,0,1,1,552,277
class java.lang.SecurityException,0,4,0,0,0,0,0,0,1,1,0,1,0,0,1,0,0,268
class java.util.jar.Attributes$Name,7,1,3,4,4,0,0,0,17,19,17,2,0,0,17,4,552,272
class java.util.HashMap$Entry,8,1,6,0,0,0,0,0,2,4,0,0,0,0,2,5,552,262
class java.util.HashMap$1,0,0,0,0,0,0,0,0,0,0,0,0,0,0,0,1,552,262
class java.util.regex.Pattern$GroupCurly,5,1,0,0,0,0,0,0,0,7,0,0,0,0,0,5,552,274
class java.net.ContentHandler,2,1,2,0,0,1,0,0,0,0,0,0,0,0,0,3,552,278
class java.nio.channels.FileChannel,24,1,24,0,2,16,0,0,1,1,0,1,0,0,1,13,552,277
class sun.util.locale.BaseLocale,9,3,9,0,2,0,0,0,6,7,1,6,0,0,6,6,552,283
class java.lang.ClassLoader$ParallelLoaders,2,1,0,0,2,0,0,0,1,1,0,1,0,0,1,3,552,277
class java.util.regex.Pattern$LazyLoop,3,1,0,0,0,0,0,0,0,0,0,0,0,0,0,4,552,278
class java.lang.Throwable$PrintStreamOrWriter,2,2,0,0,0,2,0,0,0,0,0,0,0,0,0,2,552,264
interface java.io.DataOutput,14,0,14,0,0,14,0,0,0,0,0,0,0,0,0,2,552,282
class java.util.LinkedHashMap$LinkedHashIterator,3,2,2,0,0,0,0,0,1,4,0,0,0,0,1,3,552,282
interface java.util.Enumeration,2,0,2,0,0,2,0,0,0,0,0,0,0,0,0,1,552,295
class java.lang.Thread$WeakClassKey,2,1,2,0,0,0,0,0,1,1,0,1,0,0,1,2,552,285
class java.text.Format$Field,0,1,0,0,0,0,0,0,1,1,0,1,0,0,1,1,552,286
interface java.nio.file.attribute.FileStoreAttributeView,0,0,0,0,0,0,0,0,0,0,0,0,0,0,0,1,552,286
class uk.co.slashingedge.utils.Log$Level,2,1,2,0,2,0,0,0,3,3,2,1,0,0,3,3,554,2
interface java.io.FilenameFilter,1,0,1,0,0,1,0,0,0,0,0,0,0,0,0,2,552,285
class java.util.ArrayList,40,3,25,10,4,0,0,0,2,4,0,4,0,0,2,18,552,287
class java.text.AttributedCharacterIterator$Attribute,5,1,3,0,0,0,0,0,5,6,3,3,0,0,5,7,552,287
class java.util.regex.Pattern$Ques,2,1,0,0,0,0,0,0,0,2,0,0,0,0,0,5,552,285
class java.security.cert.CertificateFactorySpi,8,1,8,0,0,4,0,0,0,0,0,0,0,0,0,10,552,285
class java.nio.channels.FileChannel$MapMode,1,1,1,0,0,0,0,0,4,4,3,1,0,0,4,3,552,288
class java.lang.String$CaseInsensitiveComparator,2,2,2,0,0,0,0,0,1,1,0,1,0,0,1,4,552,273
class sun.util.locale.Extension,5,2,4,0,0,0,0,0,1,3,0,3,0,0,1,1,552,293
class java.nio.file.attribute.UserPrincipalLookupService,2,1,2,0,0,2,0,0,0,0,0,0,0,0,0,4,552,293
class java.net.UnknownHostException,0,2,0,0,0,0,0,0,1,1,0,1,0,0,1,0,0,293
interface sun.reflect.generics.visitor.TypeTreeVisitor,17,0,17,0,0,17,0,0,0,0,0,0,0,0,0,17,552,309
class java.lang.ref.ReferenceQueue$Null,1,2,0,0,0,0,0,0,0,0,0,0,0,0,0,2,552,292
class java.lang.SecurityManager,47,1,34,6,2,0,5,0,2,9,0,8,1,0,2,9,552,286
class javax.net.ssl.SSLSocket,21,5,21,0,0,18,0,0,0,0,0,0,0,0,0,4,565,3
class java.util.concurrent.ConcurrentHashMap,28,5,19,5,5,0,0,0,16,19,0,6,0,0,16,22,552,303
interface java.util.Map,14,0,14,0,0,14,0,0,0,0,0,0,0,0,0,5,552,322
class java.util.Date,40,6,28,11,8,0,0,0,4,8,0,8,0,0,4,13,552,297
class java.nio.ByteOrder,2,1,2,0,1,0,0,0,2,3,2,1,0,0,2,2,552,302
class java.util.HashMap$HashIterator,3,1,2,0,0,0,0,0,1,5,0,0,0,0,1,3,552,287
interface java.util.concurrent.Future,5,0,5,0,0,5,0,0,0,0,0,0,0,0,0,5,552,299
class java.util.Locale$1,0,0,0,0,0,0,0,0,1,1,0,0,0,0,1,1,552,300
class java.text.FieldPosition$Delegate,2,2,2,0,0,0,0,0,1,2,0,1,0,0,1,5,552,302
interface java.io.ObjectInput,7,0,7,0,0,7,0,0,0,0,0,0,0,0,0,5,552,299
interface java.nio.file.attribute.BasicFileAttributes,9,0,9,0,0,9,0,0,0,0,0,0,0,0,0,2,552,307
class java.util.regex.Pattern$End,1,1,0,0,0,0,0,0,0,0,0,0,0,0,0,3,552,306
class java.io.ObjectInputStream$ValidationList$Callback,0,1,0,0,0,0,0,0,3,4,0,0,0,0,3,4,552,303
interface java.util.Deque,27,0,27,0,0,27,0,0,0,0,0,0,0,0,0,3,552,310
class java.io.ObjectStreamClass$FieldReflector,5,1,0,0,0,0,0,0,8,8,0,8,0,0,8,3,552,305
class sun.reflect.generics.tree.ClassSignature,5,1,5,0,1,0,0,0,0,3,0,3,0,0,0,4,552,311
class sun.util.LocaleServiceProviderPool$NullProvider,2,1,1,0,1,0,0,0,1,1,0,1,0,0,1,2,552,318
interface java.io.DataInput,15,0,15,0,0,15,0,0,0,0,0,0,0,0,0,2,552,309
class java.text.MessageFormat,26,2,20,6,3,0,0,0,23,29,0,29,0,0,23,16,552,313
class sun.util.locale.StringTokenIterator,10,1,9,1,0,0,0,0,0,7,0,7,0,0,0,2,552,314
class sun.reflect.generics.tree.FloatSignature,2,1,2,0,1,0,0,0,0,1,0,1,0,0,0,3,552,311
class sun.reflect.generics.tree.LongSignature,2,1,2,0,1,0,0,0,0,1,0,1,0,0,0,3,552,312
interface java.nio.file.DirectoryStream$Filter,1,0,1,0,0,1,0,0,0,0,0,0,0,0,0,3,552,317
class java.io.BufferedWriter,9,2,6,2,0,0,0,0,0,6,0,6,0,0,0,3,552,318
class java.util.concurrent.atomic.AtomicLong,18,2,17,1,1,0,1,0,4,5,0,4,0,0,4,3,552,315
class java.nio.FloatBuffer,29,2,27,2,5,10,0,0,2,3,0,0,0,0,2,5,552,319
class java.net.URISyntaxException,4,2,4,0,0,0,0,0,1,3,0,3,0,0,1,1,552,317
interface java.lang.reflect.GenericDeclaration,1,0,1,0,0,1,0,0,0,0,0,0,0,0,0,0,0,318
interface java.lang.Comparable,1,0,1,0,0,1,0,0,0,0,0,0,0,0,0,1,552,334
class java.util.TimeZone,30,1,21,7,13,5,2,0,11,13,2,7,0,0,11,9,552,320
class java.util.concurrent.ConcurrentHashMap$EntrySet,6,1,6,0,0,0,0,0,1,1,0,0,0,0,1,3,552,317
interface sun.reflect.ConstructorAccessor,1,0,1,0,0,1,0,0,0,0,0,0,0,0,0,4,552,319
class java.io.PushbackInputStream,12,2,11,1,0,0,0,0,0,2,0,0,2,0,0,1,1,320
class java.io.SerializablePermission,0,2,0,0,0,0,0,0,1,2,0,2,0,0,1,1,552,319
interface java.lang.reflect.AnnotatedElement,4,0,4,0,0,4,0,0,0,0,0,0,0,0,0,2,552,320
class java.lang.RuntimePermission,0,2,0,0,0,0,0,0,1,1,0,1,0,0,1,0,0,324
class java.util.regex.Matcher,37,2,32,0,1,0,0,0,2,18,0,0,0,0,2,6,552,339
class sun.reflect.generics.repository.ClassRepository,5,1,3,0,1,0,0,0,0,2,0,2,0,0,0,6,552,315
interface java.util.List,25,0,25,0,0,25,0,0,0,0,0,0,0,0,0,5,552,337
class java.util.regex.Pattern$SingleU,1,1,0,0,0,0,0,0,1,1,0,0,0,0,1,1,552,323
class java.util.regex.Pattern$BnMS,1,1,0,0,0,0,0,0,0,1,0,0,0,0,0,3,552,324
class java.util.regex.Pattern$CharProperty,4,2,0,0,0,1,0,0,0,0,0,0,0,0,0,5,552,326
class sun.util.locale.InternalLocaleBuilder,19,1,15,3,1,0,0,0,2,9,0,8,0,0,2,12,552,328
class java.io.NotActiveException,0,2,0,0,0,0,0,0,1,1,0,1,0,0,1,0,0,324
class java.util.LinkedHashMap$1,0,0,0,0,0,0,0,0,0,0,0,0,0,0,0,1,552,327
class java.lang.Long,39,2,36,1,28,0,0,0,6,6,4,2,0,0,6,7,552,322
class java.util.ArrayList$ListItr,6,1,6,0,0,0,0,0,1,1,0,0,0,0,1,3,552,326
class java.util.Locale$Cache,2,2,0,0,0,0,0,0,0,0,0,0,0,0,0,3,552,331
class java.util.concurrent.ConcurrentHashMap$Values,5,1,5,0,0,0,0,0,1,1,0,0,0,0,1,3,552,329
class java.io.SyncFailedException,0,1,0,0,0,0,0,0,1,1,0,1,0,0,1,0,0,330
interface java.lang.CharSequence,4,0,4,0,0,4,0,0,0,0,0,0,0,0,0,2,552,355
class java.io.InvalidClassException,1,2,1,0,0,0,0,0,1,2,1,1,0,0,1,1,552,327
class java.io.ObjectStreamClass$ClassDataSlot,0,1,0,0,0,0,0,0,2,2,0,0,0,0,2,1,552,328
class sun.misc.JarIndex,11,3,8,3,2,0,0,0,2,5,1,4,0,0,2,9,552,332
class java.nio.charset.CharacterCodingException,0,1,0,0,0,0,0,0,1,1,0,1,0,0,1,0,0,339
class java.nio.ShortBuffer,29,2,27,2,5,10,0,0,2,3,0,0,0,0,2,5,552,337
class java.util.HashMap$Values,4,2,4,0,0,0,0,0,1,1,0,0,0,0,1,3,552,331
class java.util.regex.Pattern$Neg,1,1,0,0,0,0,0,0,0,1,0,0,0,0,0,4,552,337
class java.security.Provider$ServiceKey,3,2,2,0,0,0,0,0,3,3,0,3,0,0,3,3,552,335
interface java.nio.file.Watchable,2,0,2,0,0,2,0,0,0,0,0,0,0,0,0,3,552,337
interface sun.reflect.generics.tree.TypeTree,1,0,1,0,0,1,0,0,0,0,0,0,0,0,0,2,552,338
class sun.misc.BASE64Decoder,3,1,0,0,0,0,0,0,2,3,0,2,0,0,2,3,7,337
interface javax.net.ssl.SSLSessionContext,6,0,6,0,0,6,0,0,0,0,0,0,0,0,0,3,555,5
class sun.net.www.MessageHeader,25,2,21,1,4,0,0,0,0,3,0,3,0,0,0,8,552,339
class java.lang.Exception,0,5,0,0,0,0,0,0,1,1,0,0,0,0,1,0,0,347
interface java.net.ContentHandlerFactory,1,0,1,0,0,1,0,0,0,0,0,0,0,0,0,2,552,340
interface java.io.ObjectStreamConstants,0,0,0,0,0,0,0,0,29,29,29,0,0,0,29,1,552,338
class java.util.concurrent.ConcurrentHashMap$HashIterator,5,1,3,0,0,0,0,0,1,6,0,0,0,0,1,2,552,341
interface java.lang.reflect.TypeVariable,3,0,3,0,0,3,0,0,0,0,0,0,0,0,0,3,552,337
class java.lang.Thread$State,2,1,2,0,2,0,0,0,7,7,6,1,0,0,7,3,552,346
class java.security.CodeSource,12,2,7,5,0,0,0,0,1,6,0,6,0,0,1,11,552,344
class java.lang.ThreadGroup,36,4,24,7,1,0,0,0,1,11,0,1,0,0,1,7,552,347
class java.lang.NoSuchFieldException,0,2,0,0,0,0,0,0,1,1,0,1,0,0,1,0,0,339
interface java.util.Queue,6,0,6,0,0,6,0,0,0,0,0,0,0,0,0,2,552,346
interface java.text.CharacterIterator,10,0,10,0,0,10,0,0,1,1,1,0,0,0,1,2,552,349
interface java.net.URLStreamHandlerFactory,1,0,1,0,0,1,0,0,0,0,0,0,0,0,0,2,552,342
class java.net.NetworkInterface,34,2,21,11,17,0,11,0,0,8,0,8,0,0,0,7,552,348
class java.io.ObjectStreamClass,94,2,8,22,48,0,2,0,4,30,1,29,0,0,4,28,552,350
class java.security.AccessControlContext,11,5,4,2,1,0,0,0,0,6,0,6,0,0,0,6,552,352
interface java.nio.file.WatchKey,5,0,5,0,0,5,0,0,0,0,0,0,0,0,0,2,552,349
class java.math.BigDecimal,88,17,61,25,17,0,0,0,25,31,11,18,0,0,25,14,552,350
class sun.reflect.generics.tree.Wildcard,4,1,4,0,1,0,0,0,1,3,0,3,0,0,1,3,552,351
class java.security.cert.CertificateFactory,13,1,13,0,3,0,0,0,0,3,0,3,0,0,0,14,552,351
class java.lang.Throwable$SentinelHolder,0,1,0,0,0,0,0,0,2,2,2,0,0,0,2,2,552,343
class sun.reflect.generics.tree.MethodTypeSignature,6,1,6,0,1,0,0,0,0,4,0,4,0,0,0,4,552,353
class java.util.LinkedList$Node,0,1,0,0,0,0,0,0,0,3,0,0,0,0,0,3,552,357
class sun.util.calendar.Era,10,1,10,0,0,0,0,0,5,6,0,6,0,0,5,5,552,357
class java.security.Provider$UString,3,1,3,0,0,0,0,0,2,2,0,0,0,0,2,3,552,356
class java.io.ObjectInputStream,66,2,24,25,14,0,3,0,7,14,0,14,0,0,7,26,552,365
class sun.reflect.generics.tree.CharSignature,2,1,2,0,1,0,0,0,0,1,0,1,0,0,0,3,552,358
class java.lang.CloneNotSupportedException,0,2,0,0,0,0,0,0,1,1,0,1,0,0,1,0,0,366
interface java.lang.AutoCloseable,1,0,1,0,0,1,0,0,0,0,0,0,0,0,0,1,1,366
interface java.util.EventListener,0,0,0,0,0,0,0,0,0,0,0,0,0,0,0,0,0,3
class java.io.FileSystem,28,1,27,1,2,26,1,0,10,12,10,0,0,0,10,4,552,359
class java.nio.charset.CharsetEncoder,24,2,16,2,0,1,0,0,8,14,0,13,0,0,8,9,552,363
class java.util.AbstractList$ListItr,6,1,6,0,0,0,0,0,1,1,0,0,0,0,1,3,552,361
interface java.lang.reflect.WildcardType,2,0,2,0,0,2,0,0,0,0,0,0,0,0,0,1,1,357
interface java.nio.file.PathMatcher,1,0,1,0,0,1,0,0,0,0,0,0,0,0,0,1,552,363
class java.util.regex.Pattern$Curly,5,1,0,0,0,0,0,0,0,4,0,0,0,0,0,5,552,363
class java.lang.Thread$Caches,0,1,0,0,0,0,0,0,2,2,0,0,0,0,2,3,552,368
class sun.reflect.generics.tree.ClassTypeSignature,3,1,3,0,1,0,0,0,0,1,0,1,0,0,0,4,552,366
class sun.reflect.generics.repository.FieldRepository,4,1,2,0,1,0,0,0,0,1,0,1,0,0,0,6,552,364
interface sun.nio.ch.Interruptible,1,0,1,0,0,1,0,0,0,0,0,0,0,0,0,1,552,370
class java.lang.ClassNotFoundException,2,3,2,0,0,0,0,0,1,2,0,2,0,0,1,1,552,374
class java.net.URLStreamHandler,12,1,0,0,0,1,0,0,0,0,0,0,0,0,0,6,552,368
interface javax.net.ssl.HandshakeCompletedListener,1,0,1,0,0,1,0,0,0,0,0,0,0,0,0,2,565,3
class java.net.Proxy,5,2,5,0,0,0,0,0,1,3,1,2,0,0,1,5,552,369
class java.lang.Void,0,1,0,0,0,0,0,0,1,1,1,0,0,0,1,1,552,372
class java.io.InputStream,9,1,9,0,0,1,0,0,1,1,0,1,0,0,1,2,4,374
class java.lang.Enum,13,1,9,2,1,0,0,0,2,2,0,2,0,0,2,11,552,369
class java.util.regex.Pattern$Utype,1,1,0,0,0,0,0,0,1,1,0,0,0,0,1,2,552,370
class java.lang.ThreadLocal$1,0,0,0,0,0,0,0,0,0,0,0,0,0,0,0,1,552,375
class sun.misc.Unsafe,105,1,104,1,1,0,83,0,21,21,20,1,0,0,21,9,552,375
class java.util.regex.Pattern$SliceI,1,1,0,0,0,0,0,0,0,0,0,0,0,0,0,3,552,372
class sun.security.util.Debug,10,1,9,1,8,0,0,0,1,3,0,3,0,0,1,3,552,378
class sun.util.locale.BaseLocale$Key,9,4,5,0,5,0,0,0,7,7,0,6,0,0,7,5,552,377
class sun.misc.URLClassPath$Loader,7,1,1,0,1,0,0,0,1,2,0,2,0,0,1,8,552,376
class sun.util.locale.InternalLocaleBuilder$1,0,0,0,0,0,0,0,0,0,0,0,0,0,0,0,1,552,378
interface java.io.Serializable,0,0,0,0,0,0,0,0,0,0,0,0,0,0,0,0,0,394
class sun.util.locale.BaseLocale$1,0,0,0,0,0,0,0,0,0,0,0,0,0,0,0,1,552,379
class java.lang.InheritableThreadLocal,3,1,0,0,0,0,0,0,0,0,0,0,0,0,0,3,552,379
interface java.util.Iterator,3,0,3,0,0,3,0,0,0,0,0,0,0,0,0,1,552,395
interface java.lang.Appendable,3,0,3,0,0,3,0,0,0,0,0,0,0,0,0,3,552,384
interface sun.reflect.generics.factory.GenericsFactory,15,0,15,0,0,15,0,0,0,0,0,0,0,0,0,5,552,381
class java.util.LinkedHashMap$ValueIterator,1,2,1,0,0,0,0,0,1,1,0,0,0,0,1,2,552,382
class java.util.jar.Attributes,21,3,18,0,0,0,0,0,0,1,0,0,1,0,0,10,552,383
class java.util.regex.Pattern$Prolog,2,1,0,0,0,0,0,0,0,1,0,0,0,0,0,5,552,380
interface sun.net.spi.nameservice.NameService,2,0,2,0,0,2,0,0,0,0,0,0,0,0,0,2,552,383
class java.math.BigInteger,91,12,45,37,28,0,0,0,17,31,3,23,0,0,17,10,552,383
interface java.text.AttributedCharacterIterator,9,0,9,0,0,9,0,0,0,0,0,0,0,0,0,5,552,385
interface java.util.regex.MatchResult,7,0,7,0,0,7,0,0,0,0,0,0,0,0,0,1,552,384
class java.io.ObjectOutputStream$Caches,0,1,0,0,0,0,0,0,2,2,0,0,0,0,2,3,552,384
class sun.reflect.generics.tree.IntSignature,2,1,2,0,1,0,0,0,0,1,0,1,0,0,0,3,552,386
class java.io.File,56,6,51,3,5,0,0,0,6,10,4,5,0,0,6,17,552,389
interface java.nio.file.attribute.GroupPrincipal,0,0,0,0,0,0,0,0,0,0,0,0,0,0,0,1,552,387
class java.net.InetAddress,46,1,25,17,23,0,1,0,7,20,0,11,0,0,7,16,552,389
interface java.io.Closeable,1,0,1,0,0,1,0,0,0,0,0,0,0,0,0,2,3,397
class java.nio.file.spi.FileSystemProvider,31,2,28,2,4,18,0,0,1,3,0,3,0,0,1,22,552,387
class java.lang.ref.WeakReference,0,2,0,0,0,0,0,0,0,0,0,0,0,0,0,0,0,389
interface java.nio.channels.SeekableByteChannel,6,0,6,0,0,6,0,0,0,0,0,0,0,0,0,4,552,388
class java.lang.ref.SoftReference,1,2,1,0,0,0,0,0,0,2,0,2,0,0,0,1,552,389
interface java.io.ObjectInputValidation,1,0,1,0,0,1,0,0,0,0,0,0,0,0,0,1,1,386
class sun.security.util.ManifestEntryVerifier,6,1,5,0,1,0,0,0,2,11,0,8,0,0,2,11,552,389
class java.util.jar.Manifest$FastInputStream,9,2,8,1,0,0,0,0,0,3,0,3,0,0,0,2,552,391
class sun.util.calendar.CalendarDate,50,2,43,0,0,0,0,0,2,19,2,17,0,0,2,7,552,391
interface java.nio.channels.CompletionHandler,2,0,2,0,0,2,0,0,0,0,0,0,0,0,0,2,552,392
class java.lang.reflect.Method,30,1,22,5,0,0,0,0,0,15,0,15,0,0,0,15,552,392
class java.security.cert.CRLException,0,4,0,0,0,0,0,0,1,1,0,1,0,0,1,0,0,392
class java.util.Locale,56,5,34,14,23,0,0,0,32,40,24,14,0,0,32,22,552,398
class java.util.regex.Pattern$SliceS,1,1,0,0,0,0,0,0,0,0,0,0,0,0,0,3,552,391
class java.lang.Boolean,13,2,12,1,7,0,0,0,5,5,3,2,0,0,5,6,552,396
class java.security.ProtectionDomain$Key,0,1,0,0,0,0,0,0,1,1,0,0,0,0,1,1,552,395
class java.lang.ref.Reference$ReferenceHandler,1,1,1,0,0,0,0,0,0,0,0,0,0,0,0,1,552,397
class java.util.Locale$LocaleKey,4,2,2,0,2,0,0,0,3,3,0,3,0,0,3,5,552,397
interface java.security.PrivilegedAction,1,0,1,0,0,1,0,0,0,0,0,0,0,0,0,1,552,397
class java.util.LinkedList,54,2,39,11,0,0,0,0,1,4,0,1,0,0,1,18,552,400
class sun.security.util.ManifestDigester$Position,0,1,0,0,0,0,0,0,0,3,0,0,0,0,0,1,552,398
class java.util.Calendar,79,2,48,13,11,8,0,0,71,85,44,13,5,0,71,18,552,398
class java.io.SerialCallbackContext,4,1,3,1,0,0,0,0,2,3,0,3,0,0,2,4,552,398
class java.lang.ref.ReferenceQueue,5,1,3,1,0,0,0,0,0,5,0,3,0,0,0,7,552,403
class java.util.regex.Pattern$Begin,1,1,0,0,0,0,0,0,0,0,0,0,0,0,0,3,552,398
class sun.util.locale.BaseLocale$Cache,4,1,0,0,0,0,0,0,0,0,0,0,0,0,0,3,552,403
class java.lang.Throwable$WrappedPrintStream,2,1,0,0,0,0,0,0,1,1,0,1,0,0,1,3,552,397
class java.io.ObjectOutputStream$BlockDataOutputStream,33,1,16,2,0,0,0,0,8,10,0,10,0,0,8,6,552,402
class sun.reflect.generics.repository.MethodRepository,2,1,2,0,1,0,0,0,0,1,0,1,0,0,0,4,552,403
class java.text.ParseException,1,1,1,0,0,0,0,0,0,1,0,1,0,0,0,0,0,406
class java.lang.InstantiationException,0,2,0,0,0,0,0,0,1,1,0,1,0,0,1,0,0,405
class sun.reflect.generics.tree.ByteSignature,2,1,2,0,1,0,0,0,0,1,0,1,0,0,0,3,552,406
interface sun.reflect.generics.tree.FieldTypeSignature,0,0,0,0,0,0,0,0,0,0,0,0,0,0,0,3,552,409
class java.security.MessageDigest,22,1,17,0,9,0,0,0,2,5,0,5,0,0,2,10,552,409
class sun.security.util.ManifestDigester,4,1,2,2,0,0,0,0,1,3,1,2,0,0,1,5,552,407
interface java.util.Set,15,0,15,0,0,15,0,0,0,0,0,0,0,0,0,3,552,413
class java.util.LinkedList$1,0,0,0,0,0,0,0,0,0,0,0,0,0,0,0,1,552,408
class java.lang.Character$Subset,3,1,3,0,0,0,0,0,0,1,0,1,0,0,0,3,552,412
class java.text.ParsePosition,7,1,7,0,0,0,0,0,0,2,0,0,0,0,0,2,552,412
class java.net.UnknownServiceException,0,2,0,0,0,0,0,0,1,1,0,1,0,0,1,0,0,410
class java.net.MalformedURLException,0,2,0,0,0,0,0,0,1,1,0,1,0,0,1,0,0,410
interface java.util.ListIterator,9,0,9,0,0,9,0,0,0,0,0,0,0,0,0,2,552,416
class java.io.ObjectOutputStream$HandleTable,8,1,0,4,0,0,0,0,1,6,0,6,0,0,1,2,552,411
class java.security.ProtectionDomain,8,2,6,2,1,0,0,0,2,8,0,7,0,0,2,7,552,412
class java.util.AbstractList$Itr,4,2,3,0,0,0,0,0,1,4,0,0,0,0,1,3,552,413
class java.util.ArrayList$Itr,4,2,3,0,0,0,0,0,1,4,0,0,0,0,1,3,552,414
class java.nio.charset.CoderResult$Cache,3,2,0,1,1,1,0,0,0,1,0,1,0,0,0,3,552,418
class java.io.ObjectOutputStream,59,2,23,20,9,0,2,0,6,12,0,12,0,0,6,19,552,418
class java.net.SocketException,0,2,0,0,0,0,0,0,1,1,0,1,0,0,1,0,0,415
interface java.nio.channels.AsynchronousChannel,1,0,1,0,0,1,0,0,0,0,0,0,0,0,0,2,5,415
class sun.reflect.generics.tree.FormalTypeParameter,4,1,4,0,1,0,0,0,0,2,0,2,0,0,0,4,552,417
interface java.security.PublicKey,0,0,0,0,0,0,0,0,1,1,1,0,0,0,1,1,552,418
class java.util.regex.Pattern$Script,1,1,0,0,0,0,0,0,1,1,0,0,0,0,1,2,552,416
interface java.nio.channels.Channel,2,0,2,0,0,2,0,0,0,0,0,0,0,0,0,2,4,422
class java.lang.StackTraceElement,8,1,8,0,0,0,0,0,1,5,0,5,0,0,1,3,552,414
class java.nio.charset.CodingErrorAction,1,1,1,0,0,0,0,0,3,4,3,1,0,0,3,2,552,421
class java.nio.file.attribute.FileTime$1,0,0,0,0,0,0,0,0,1,1,0,0,0,0,1,1,552,419
class java.nio.file.attribute.FileTime$DaysAndNanos,5,1,4,0,0,0,0,0,9,9,0,9,0,0,9,4,552,420
class sun.nio.cs.StreamEncoder,20,3,11,4,4,0,0,0,3,11,0,10,0,0,3,11,552,422
class java.text.Format,10,1,6,0,0,2,0,0,1,1,0,1,0,0,1,12,552,422
class java.io.ObjectInputStream$PeekInputStream,7,1,5,0,0,0,0,0,1,2,0,2,0,0,1,3,552,420
class java.util.concurrent.TimeUnit,15,2,13,0,3,1,0,0,16,16,7,1,0,0,16,5,552,422
class java.lang.Class,112,1,57,43,20,0,28,0,5,28,0,28,0,0,5,33,552,431
class java.util.Vector$Itr,4,2,3,0,0,0,0,0,1,4,0,0,0,0,1,3,552,424
interface java.nio.file.attribute.AttributeView,1,0,1,0,0,1,0,0,0,0,0,0,0,0,0,1,552,424
class java.net.InetAddress$CacheEntry,0,1,0,0,0,0,0,0,0,2,0,0,0,0,0,1,552,425
class java.security.cert.CertificateEncodingException,0,4,0,0,0,0,0,0,1,1,0,1,0,0,1,0,0,425
class sun.util.locale.LocaleExtensions,14,2,13,1,3,0,0,0,5,5,2,2,0,0,5,8,552,425
class java.util.regex.Pattern$GroupRef,2,1,0,0,0,0,0,0,0,1,0,0,0,0,0,5,552,423
class sun.util.resources.OpenListResourceBundle,8,1,4,1,0,1,0,0,0,1,0,1,0,0,0,6,552,428
class java.util.regex.Pattern$BranchConn,2,1,0,0,0,0,0,0,0,0,0,0,0,0,0,4,552,425
class java.lang.IllegalAccessException,0,2,0,0,0,0,0,0,1,1,0,1,0,0,1,0,0,428
class java.math.BigDecimal$LongOverflow,1,1,1,0,1,0,0,0,2,2,0,2,0,0,2,2,552,426
class java.security.cert.Certificate,9,1,8,0,0,5,0,0,2,2,0,2,0,0,2,12,552,430
class java.io.OutputStreamWriter,7,4,6,0,0,0,0,0,1,1,0,1,0,0,1,3,552,429
class java.util.Formatter$BigDecimalLayoutForm,2,1,2,0,2,0,0,0,3,3,2,1,0,0,3,3,552,429
class java.lang.reflect.Constructor,29,1,18,4,0,0,0,0,0,12,0,12,0,0,0,15,552,431
class java.lang.UnsupportedOperationException,0,4,0,0,0,0,0,0,1,1,0,0,0,0,1,0,0,430
interface java.util.concurrent.ConcurrentMap,4,0,4,0,0,4,0,0,0,0,0,0,0,0,0,2,552,431
interface java.nio.channels.ScatteringByteChannel,2,0,2,0,0,2,0,0,0,0,0,0,0,0,0,2,552,432
class java.util.regex.Pattern$CIBackRef,2,1,0,0,0,0,0,0,0,2,0,0,0,0,0,4,552,431
class java.util.concurrent.ConcurrentHashMap$HashEntry,1,1,0,0,0,0,0,0,4,6,0,0,0,0,4,4,552,434
class java.util.Vector,50,4,44,4,1,0,0,0,2,5,0,2,3,0,2,14,552,435
class java.util.Hashtable$EntrySet,7,2,7,0,0,0,0,0,1,1,0,0,0,0,1,4,552,435
class java.util.concurrent.ConcurrentHashMap$EntryIterator,2,1,2,0,0,0,0,0,1,1,0,0,0,0,1,4,552,436
class java.lang.InterruptedException,0,2,0,0,0,0,0,0,1,1,0,1,0,0,1,0,0,437
class java.nio.charset.CoderResult,10,2,10,0,2,0,0,0,11,13,2,10,0,0,11,4,552,437
class java.util.concurrent.TimeoutException,0,2,0,0,0,0,0,0,1,1,0,1,0,0,1,0,0,437
class java.util.regex.Pattern$Slice,1,1,0,0,0,0,0,0,0,0,0,0,0,0,0,3,552,436
class java.lang.Throwable,21,5,13,6,0,0,3,0,9,13,0,12,0,0,9,17,552,439
class java.io.File$TempDirectory,2,1,0,0,2,0,0,0,2,2,0,2,0,0,2,3,552,439
class java.util.regex.Pattern$SliceUS,1,1,0,0,0,0,0,0,0,0,0,0,0,0,0,1,552,438
class java.io.ObjectInputStream$GetField,11,1,11,0,0,11,0,0,0,0,0,0,0,0,0,5,552,439
interface sun.reflect.generics.visitor.Visitor,2,0,2,0,0,2,0,0,0,0,0,0,0,0,0,3,552,440
class sun.util.calendar.BaseCalendar,18,1,12,1,1,0,0,0,25,25,19,2,0,0,25,2,552,439
class java.util.spi.LocaleServiceProvider,1,1,1,0,0,1,0,0,0,0,0,0,0,0,0,0,0,441
class java.nio.file.attribute.FileTime,10,1,9,1,2,0,0,0,2,4,0,4,0,0,2,7,552,440
class java.lang.Character$UnicodeBlock,3,3,3,0,3,0,0,0,212,213,210,3,0,0,212,4,552,442
class java.io.ObjectInputStream$HandleTable$HandleList,3,1,3,0,0,0,0,0,0,2,0,2,0,0,0,1,552,441
class java.text.FieldPosition,14,3,9,2,2,0,0,0,0,4,0,1,0,0,0,7,552,443
class sun.util.LocaleServiceProviderPool,18,1,7,8,8,0,0,0,0,8,0,8,0,0,0,13,552,443
class java.security.AlgorithmParametersSpi,7,1,0,0,0,7,0,0,0,0,0,0,0,0,0,5,554,6
class java.util.LinkedList$DescendingIterator,3,2,3,0,0,0,0,0,2,2,0,1,0,0,2,4,552,444
interface sun.reflect.generics.tree.TypeArgument,0,0,0,0,0,0,0,0,0,0,0,0,0,0,0,1,552,444
class java.util.MissingResourceException,2,2,2,0,0,0,0,0,1,3,0,3,0,0,1,1,552,445
class uk.co.slashingedge.utils.Log,11,5,11,0,4,0,0,0,1,5,3,2,0,0,1,5,554,2
interface java.nio.file.Path,29,0,29,0,0,29,0,0,0,0,0,0,0,0,0,13,552,445
class java.util.AbstractList,18,1,15,2,0,1,0,0,0,1,0,0,1,0,0,9,552,445
class java.io.Writer,13,2,13,0,0,3,0,0,1,3,0,2,1,0,1,8,552,446
class sun.reflect.generics.tree.ArrayTypeSignature,3,1,3,0,1,0,0,0,0,1,0,1,0,0,0,4,552,447
class java.lang.Class$EnclosingMethodInfo,6,2,0,0,0,0,0,0,1,4,0,3,0,0,1,2,552,448
class java.util.concurrent.ConcurrentHashMap$WriteThroughEntry,1,1,1,0,0,0,0,0,1,1,0,0,0,0,1,2,552,449
class java.util.concurrent.ConcurrentHashMap$KeySet,6,1,6,0,0,0,0,0,1,1,0,0,0,0,1,3,552,450
class java.util.regex.Pattern$SingleI,1,1,0,0,0,0,0,0,2,2,0,0,0,0,2,1,552,449
class sun.util.locale.LanguageTag,38,1,31,7,23,0,0,0,5,12,4,8,0,0,5,8,552,451
interface java.util.Formatter$FormatString,3,0,3,0,0,3,0,0,0,0,0,0,0,0,0,5,552,451
class java.util.HashMap$ValueIterator,1,2,1,0,0,0,0,0,1,1,0,0,0,0,1,2,552,452
class java.util.regex.Pattern$SliceNode,1,1,0,0,0,0,0,0,0,1,0,0,0,0,0,2,552,452
class java.lang.StringBuffer,85,4,83,2,0,0,0,0,2,2,0,1,0,0,2,11,552,454
class java.lang.Throwable$1,0,0,0,0,0,0,0,0,0,0,0,0,0,0,0,1,552,453
class sun.reflect.generics.tree.BooleanSignature,2,1,2,0,1,0,0,0,0,1,0,1,0,0,0,3,552,456
interface java.util.RandomAccess,0,0,0,0,0,0,0,0,0,0,0,0,0,0,0,0,0,456
interface java.security.AlgorithmConstraints,3,0,3,0,0,3,0,0,0,0,0,0,0,0,0,4,556,4
class java.io.ObjectStreamClass$MemberSignature,0,3,0,0,0,0,0,0,3,3,3,0,0,0,3,3,552,457
class java.net.InetAddress$Cache$Type,2,1,2,0,2,0,0,0,3,3,2,1,0,0,3,3,552,460
class java.util.LinkedList$ListItr,10,1,9,0,0,0,0,0,1,5,0,4,0,0,1,4,552,460
class java.security.cert.CRL,3,1,3,0,0,2,0,0,0,1,0,1,0,0,0,2,552,461
class java.math.RoundingMode,3,1,3,0,3,0,0,0,10,10,8,1,0,0,10,2,552,461
class java.util.jar.JarException,0,2,0,0,0,0,0,0,1,1,0,1,0,0,1,0,0,462
class java.io.ObjectStreamClass$FieldReflectorKey,2,1,2,0,0,0,0,0,3,3,0,3,0,0,3,3,552,462
class java.text.DateFormatSymbols$DateFormatSymbolsGetter,3,1,2,0,1,0,0,0,2,2,0,1,0,0,2,7,552,464
class java.util.regex.Pattern$LastNode,1,1,0,0,0,0,0,0,0,0,0,0,0,0,0,3,552,464
class java.nio.MappedByteBuffer,10,2,3,7,0,0,3,0,1,1,0,1,0,0,1,2,552,467
class java.lang.Thread,62,8,42,17,20,0,16,0,6,29,3,23,0,0,6,21,552,467
class java.security.Provider$1,0,0,0,0,0,0,0,0,0,0,0,0,0,0,0,1,552,468
class java.util.regex.PatternSyntaxException,4,1,4,0,0,0,0,0,5,5,0,5,0,0,5,1,552,467
interface sun.reflect.MethodAccessor,1,0,1,0,0,1,0,0,0,0,0,0,0,0,0,3,552,469
class java.text.spi.DateFormatSymbolsProvider,1,1,1,0,0,1,0,0,0,0,0,0,0,0,0,2,552,468
interface java.util.zip.ZipConstants,0,0,0,0,0,0,0,0,40,40,40,0,0,0,40,0,0,469
class java.lang.Class$MethodArray,10,1,0,0,0,0,0,0,0,2,0,2,0,0,0,3,552,470
class java.security.SecureRandom,15,4,10,3,6,0,0,0,1,10,0,9,0,0,1,7,552,471
class java.util.regex.Pattern$Block,1,1,0,0,0,0,0,0,1,1,0,0,0,0,1,2,552,470
class java.util.Formatter,18,16,8,6,8,0,0,0,4,8,0,8,0,0,4,17,552,472
interface java.util.Map$Entry,5,0,5,0,0,5,0,0,0,0,0,0,0,0,0,2,552,473
class java.util.HashMap$KeySet,5,2,5,0,0,0,0,0,1,1,0,0,0,0,1,3,552,472
class java.util.regex.Pattern$GroupTail,1,1,0,0,0,0,0,0,0,2,0,0,0,0,0,3,552,472
class sun.util.locale.InternalLocaleBuilder$CaseInsensitiveString,3,1,3,0,0,0,0,0,2,2,0,2,0,0,2,3,552,474
class java.lang.ref.ReferenceQueue$1,0,0,0,0,0,0,0,0,0,0,0,0,0,0,0,1,552,476
class java.io.InvalidObjectException,0,1,0,0,0,0,0,0,1,1,0,1,0,0,1,0,0,476
class java.net.InetAddress$Cache,3,1,2,1,0,0,0,0,0,2,0,2,0,0,0,6,552,476
class java.security.cert.Certificate$CertificateRep,1,1,0,0,0,0,0,0,1,3,0,3,0,0,1,5,552,477
class java.util.concurrent.atomic.AtomicInteger,17,2,17,0,0,0,0,0,3,4,0,4,0,0,3,3,552,477
class java.io.ObjectStreamClass$WeakClassKey,2,1,2,0,0,0,0,0,1,1,0,1,0,0,1,2,552,477
class java.io.ByteArrayOutputStream,12,2,10,2,0,0,0,0,0,2,0,0,2,0,0,4,552,479
class java.util.regex.Pattern$SingleS,1,1,0,0,0,0,0,0,1,1,0,0,0,0,1,1,552,479
class java.util.Vector$ListItr,6,1,6,0,0,0,0,0,1,1,0,0,0,0,1,3,552,481
class java.util.concurrent.ConcurrentHashMap$Segment,8,1,0,3,0,0,0,0,3,7,0,1,0,0,3,4,552,482
interface java.util.SortedMap,9,0,9,0,0,9,0,0,0,0,0,0,0,0,0,6,552,483
class java.lang.ClassFormatError,0,2,0,0,0,0,0,0,1,1,0,1,0,0,1,0,0,483
class java.util.regex.Pattern$All,1,1,0,0,0,0,0,0,0,0,0,0,0,0,0,1,552,483
class java.io.PrintWriter,45,9,40,3,1,0,0,0,2,6,0,5,1,0,2,12,552,483
class java.util.regex.Pattern$UnixCaret,1,1,0,0,0,0,0,0,0,0,0,0,0,0,0,3,552,484
class java.security.Provider$Service,25,3,8,9,7,0,0,0,2,12,0,12,0,0,2,12,552,486
class sun.reflect.ReflectionFactory,22,1,16,2,7,0,0,0,0,6,0,6,0,0,0,12,552,487
class java.security.Permission,8,1,8,0,0,4,0,0,1,2,0,2,0,0,1,7,552,487
class java.util.regex.Pattern$Start,2,1,0,0,0,0,0,0,0,1,0,0,0,0,0,4,552,488
class java.net.URLConnection,60,1,51,7,13,1,0,0,2,18,0,10,7,0,2,17,552,488
class java.util.jar.Manifest,12,3,9,2,1,0,0,0,0,2,0,2,0,0,0,10,552,488
class java.util.regex.Pattern$CharPropertyNames$CharPropertyFactory,1,2,0,0,0,1,0,0,0,0,0,0,0,0,0,2,552,489
class java.lang.ThreadLocal$ThreadLocalMap,16,3,0,13,5,0,0,0,1,4,0,4,0,0,1,4,552,489
class sun.misc.URLClassPath$FileLoader,2,1,0,0,0,0,0,0,0,1,0,1,0,0,0,5,552,490
class java.lang.ref.Reference$Lock,0,2,0,0,0,0,0,0,0,0,0,0,0,0,0,1,552,491
interface sun.reflect.generics.tree.Tree,0,0,0,0,0,0,0,0,0,0,0,0,0,0,0,0,0,492
class sun.reflect.generics.tree.BottomSignature,2,1,2,0,1,0,0,0,0,1,0,1,0,0,0,3,552,492
interface java.lang.Runnable,1,0,1,0,0,1,0,0,0,0,0,0,0,0,0,0,0,493
class java.util.regex.Pattern$UnixDot,1,1,0,0,0,0,0,0,0,0,0,0,0,0,0,1,552,493
class java.util.jar.JarEntry,3,3,3,0,0,0,0,0,0,3,0,0,0,0,0,2,552,494
class java.lang.Character,93,1,86,0,87,0,0,0,69,69,65,2,0,0,69,11,552,494
class sun.reflect.ReflectionFactory$GetReflectionFactoryAction,2,1,2,0,0,0,0,0,0,0,0,0,0,0,0,3,552,494
class java.nio.file.FileStore,10,1,10,0,0,10,0,0,0,0,0,0,0,0,0,5,552,495
class javax.net.ssl.SSLParameters,13,3,12,1,1,0,0,0,0,6,0,6,0,0,0,2,557,3
class java.security.Provider$EngineDescription,1,1,0,0,0,0,0,0,3,4,0,1,0,0,3,4,552,495
class java.util.HashMap$EntrySet,5,2,5,0,0,0,0,0,1,1,0,0,0,0,1,3,552,496
class java.security.NoSuchProviderException,0,2,0,0,0,0,0,0,1,1,0,1,0,0,1,0,0,496
interface java.nio.file.attribute.UserPrincipal,0,0,0,0,0,0,0,0,0,0,0,0,0,0,0,1,552,496
class java.util.concurrent.ConcurrentHashMap$ValueIterator,2,1,2,0,0,0,0,0,1,1,0,0,0,0,1,4,552,497
class java.text.FieldPosition$1,0,0,0,0,0,0,0,0,0,0,0,0,0,0,0,1,552,498
class java.util.regex.Pattern$BmpCharProperty,1,2,0,0,0,0,0,0,0,0,0,0,0,0,0,3,552,499
class java.util.regex.Pattern$NotBehind,1,1,0,0,0,0,0,0,0,3,0,0,0,0,0,4,552,500
interface java.lang.Cloneable,0,0,0,0,0,0,0,0,0,0,0,0,0,0,0,0,0,500
